	EE	HBOS	IF	KMeans	LOF
32 Features	0.5302036892618349	0.499483052169953	0.598379291989399	0.14784191609351685	0.5672563366046994
7 Features	0.4984241983925123	0.48647914482950416	0.513175643371276	0.8679670337066682	0.6999450852621375
3 Features	0.7493961794266195	0.1333587750392984	0.7617946262482369	0.5467189232861664	0.5102742165575214
2 Features	0.7493961794266195	0.1333587750392984	0.7617946262482369	0.5467189232861664	0.5102742165575214
