	AUC	Accuracy	Precision	Recall
32 Features	0.4051923710734744	0.40156213177120154	0.40228259771740227	0.5016232403235286
7 Features	0.5690607702129298	0.5485935954737463	0.4649101521092223	0.6818641591428465
3 Features	0.5817656073916069	0.5609288633000866	0.4751737708269447	0.6966058517214251
2 Features	0.6379056892303496	0.6150844456029255	0.5202776856129246	0.7636833626793541
