	AUC	Accuracy	Precision	Recall
7 Features	0.4803083667345545	0.4625651191738509	0.3920960967114025	0.5766861921533912
3 Features	0.584688334935528	0.5633903462265456	0.47612035851472473	0.7003748140056127
2 Features	0.4763740094531389	0.4587386473652667	0.3889329885028039	0.5721658222364531
