	Accuracy	Precision	Recall
7 Features	0.5053862585096738	0.4277996133608163	0.6293673365603752
3 Features	0.6316214098013001	0.5329756172523307	0.7838886482210461
2 Features	0.09676824489419575	0.0874835208437328	0.12873636825946924
