	AUC	Accuracy	Precision	Recall
7 Features	0.6367008519254604	0.6136569698646136	0.5180053273230202	0.7618706797506263
3 Features	0.6550251138192689	0.6313601647380634	0.5327579141481406	0.7835684553519296
2 Features	0.1017385655555065	0.09676824489419575	0.0874835208437328	0.12873636825946924
