	Accuracy	Precision	Recall
7 Features	0.40794953360072533	0.40794953360072533	1.0
3 Features	0.40794953360072533	0.40794953360072533	1.0
2 Features	0.40794953360072533	0.40794953360072533	1.0
