	AUC	Accuracy	Precision	Recall
32 Features	0.5336110258962392	0.5492105174561492	0.6801021629818821	0.11923819652402676
7 Features	0.48799673247765335	0.568991747729473	0.31482167098605457	0.048047765242122314
3 Features	0.22312870192121387	0.24132128532571112	0.11215715596642083	0.12431017271580058
2 Features	0.18032083422723907	0.1918460805556836	0.09677169621429124	0.11771796658693236
