	AUC	Accuracy	Precision	Recall
7 Features	0.4850594233499884	0.5667481136569699	0.28569569178706233	0.04134254986533065
3 Features	0.2135949392663707	0.22951915541007792	0.11120999373743366	0.12709773416457915
2 Features	0.16754750723137468	0.17711646919613358	0.09258532757944292	0.11557079087638672
