	AUC	Accuracy	Precision	Recall
7 Features	0.4849949207547441	0.46709848938884024	0.395868551815993	0.5822048104269866
3 Features	0.5974250638092825	0.5757533846603046	0.4864141226508154	0.7151413557342776
2 Features	0.6538352892457924	0.6302460313801423	0.5318396679604934	0.7819674910063473
