	Accuracy	Precision	Recall
7 Features	0.4506016320132774	0.38149983907306084	0.5581338406192907
3 Features	0.5879627495274538	0.4965934122227345	0.7303410995799823
2 Features	0.6168149616584452	0.5206377665364667	0.7657129941800237
