	AUC	Accuracy	Precision	Recall
32 Features	0.49913421385208345	0.49537083796249537	0.48045651954348045	0.5991016204416333
7 Features	0.5036337515526241	0.48510134771717917	0.4108750496241372	0.6042981183960221
3 Features	0.711642755706558	0.6860602707728244	0.578342105600164	0.8506017742451923
2 Features	0.7140988422566791	0.6884345273769459	0.5803216965909382	0.8535023449418944
