	AUC	Accuracy	Precision	Recall
32 Features	0.19276629126124903	0.1923846076153924	0.18714265432815788	0.20290504044107358
7 Features	0.8703981367029298	0.8675410692606764	0.8079288192655193	0.8859171642212721
3 Features	0.8703981367029298	0.8675410692606764	0.8079288192655193	0.8859171642212721
2 Features	0.8703916476629183	0.8675333855823459	0.8079149418574693	0.8859171642212721
