	AUC	Accuracy	Precision	Recall
32 Features	0.19276629126124903	0.1923846076153924	0.18714265432815788	0.20290504044107358
7 Features	0.8679670337066682	0.8655923458474842	0.8079288192655193	0.8810549582287491
3 Features	0.8679670337066682	0.8655923458474842	0.8079288192655193	0.8810549582287491
2 Features	0.8679605446666567	0.8655846794286984	0.8079149418574693	0.8810549582287491
