	Accuracy	Precision	Recall
7 Features	0.8675410692606764	0.8079288192655193	0.8859171642212721
3 Features	0.13245893073932352	0.08420920920920921	0.1140828357787279
2 Features	0.13246661441765403	0.08421037996857926	0.1140828357787279
