Rate for 2 features	Rate for 3 features	Rate for 7 features
13.246661441765403	13.245893073932352	86.75410692606764
