	Accuracy	Precision	Recall
7 Features	0.6708619550351144	0.5656767451688501	0.8319740832124762
3 Features	0.6570159666835708	0.5541383328851153	0.815003861149304
2 Features	0.6535429440781891	0.551246750252936	0.8107095097282128
