	AUC	Accuracy	Precision	Recall
32 Features	0.5534818489938856	0.5496414503585496	0.5256820298735256	0.6554952282331868
7 Features	0.6959112496189047	0.6708619550351144	0.5656767451688501	0.8319740832124762
3 Features	0.6815795135370285	0.6570159666835708	0.5541383328851153	0.815003861149304
2 Features	0.6779787928639246	0.6535429440781891	0.551246750252936	0.8107095097282128
