	Accuracy	Precision	Recall
7 Features	0.33940343921442073	[ 0.          0.          0.56567675]	[ 0.          0.          0.83197408]
3 Features	0.3324804450386489	[ 0.          0.          0.55413833]	[ 0.          0.          0.81500386]
2 Features	0.3307285663792971	[ 0.          0.          0.55124675]	[ 0.          0.          0.81070951]
