	EE	HBOS	IF	KMeans	LOF
32 Features	0.24269951906454834	0.6568577323110828	0.2597967635065454	0.7539943484697793	0.49525144433552265
7 Features	0.42619033902190295	0.19918336447889687	0.42480407595903824	0.5038985472000532	0.5204982352682996
3 Features	0.5475933769515628	0.14214337242619846	0.5481814885539903	0.5038985472000532	0.5440647073369984
2 Features	0.4639021982842067	0.46705000683979014	0.33965391752186846	0.2699589325220241	0.5007540811200769
