	EE	HBOS	IF	KMeans	LOF
32 Features	0.4183628978233084	0.5202325173555061	0.45991688877691767	0.39074427583049337	0.48807073281063335
7 Features	0.45030668240002425	0.4708641718827622	0.5109457310880274	0.5063705865998513	0.4979516492263124
3 Features	0.4507127474582029	0.3790577940662345	0.5018769447887055	0.5063640975598399	0.49362028860574075
2 Features	0.49673009747876046	0.5667943413162796	0.6886472739810502	0.6919171765022897	0.5
