	EE	HBOS	IF	KMeans	LOF
32 Features	0.4839200497922035	0.6188217386548405	0.4965445589290445	0.5004607218408108	0.47550371036764283
7 Features	0.4881282195044838	0.7035660928355872	0.4965445589290445	0.49363425174879627	0.4965510479690559
3 Features	0.5007527286413248	0.659120858315683	0.5007527286413248	0.5421079804613369	0.5007527286413248
2 Features	0.41201777844279835	0.5879822215572017	0.27923168021312844	0.2789915857327059	0.49999351095998856
