	AUC	Accuracy	Precision	Recall
32 Features	0.5336110258962392	0.5492105174561492	0.6801021629818821	0.11923819652402676
7 Features	0.4846609028368207	0.5656820429472781	0.27739912758996726	0.03811860787472371
3 Features	0.2291093582084953	0.2485912955481106	0.11278091106290672	0.12173603566478103
2 Features	0.18215858125288098	0.1939373960241952	0.09737996701621185	0.11724047503090698
