	AUC	Accuracy	Precision	Recall
32 Features	0.49913421385208345	0.49537083796249537	0.48045651954348045	0.5991016204416333
7 Features	0.5095442876796024	0.49114911951180246	0.4169756322074203	0.6109279586408422
3 Features	0.6933300205722138	0.6688260412913316	0.5650907232302581	0.8283819728018582
2 Features	0.7150950367423361	0.6898703608583322	0.5826252507570627	0.8541190574307871
