	AUC	Accuracy	Precision	Recall
32 Features	0.5534818489938856	0.5496414503585496	0.5256820298735256	0.6554952282331868
7 Features	0.6954668050733304	0.6708883079447098	0.5668067924817602	0.8309294571610535
3 Features	0.6812039819145492	0.6570964205490689	0.5553142010170964	0.8140711047840258
2 Features	0.6776618744075037	0.6536695313518196	0.5524577386504479	0.8098939796950512
